,image,image_duration,label,response,response_time,worker_id,objectnet,response_options
4255,01a761de93b3437.png,17,whistle,cleaver,1.456,dcd03c79cb9dce52,True,"['Band-Aid', 'T-shirt', 'backpack', 'banana', 'cleaver', 'clothes iron', 'coffee mug', 'computer mouse', 'digital watch', 'doormat', 'dumbbell', 'envelope', 'hair dryer', 'hammer', 'lampshade', 'lemon', 'lipstick', 'match', 'mobile phone', 'necklace', 'padlock', 'paintbrush', 'paper towel', 'park bench', 'pill bottle', 'pillow', 'plastic bag', 'plunger', 'power drill', 'printer', 'racket', 'ruler', 'safety pin', 'salt shaker', 'sandal', 'screw', 'shovel', 'space heater', 'spatula', 'speaker', 'strainer', 'sunglasses', 'teddy bear', 'television', 'umbrella', 'vase', 'wallet', 'waste container', 'water bottle', 'whistle']"
33334,0d131cbe9e95461.png,17,racket,strainer,2.633,3cfb99d488222293,True,"['Band-Aid', 'T-shirt', 'backpack', 'banana', 'cleaver', 'clothes iron', 'coffee mug', 'computer mouse', 'digital watch', 'doormat', 'dumbbell', 'envelope', 'hair dryer', 'hammer', 'lampshade', 'lemon', 'lipstick', 'match', 'mobile phone', 'necklace', 'padlock', 'paintbrush', 'paper towel', 'park bench', 'pill bottle', 'pillow', 'plastic bag', 'plunger', 'power drill', 'printer', 'racket', 'ruler', 'safety pin', 'salt shaker', 'sandal', 'screw', 'shovel', 'space heater', 'spatula', 'speaker', 'strainer', 'sunglasses', 'teddy bear', 'television', 'umbrella', 'vase', 'wallet', 'waste container', 'water bottle', 'whistle']"
48060,13371b6fd2e147d.png,17,padlock,padlock,2.82,3cfb99d488222293,True,"['Band-Aid', 'T-shirt', 'backpack', 'banana', 'cleaver', 'clothes iron', 'coffee mug', 'computer mouse', 'digital watch', 'doormat', 'dumbbell', 'envelope', 'hair dryer', 'hammer', 'lampshade', 'lemon', 'lipstick', 'match', 'mobile phone', 'necklace', 'padlock', 'paintbrush', 'paper towel', 'park bench', 'pill bottle', 'pillow', 'plastic bag', 'plunger', 'power drill', 'printer', 'racket', 'ruler', 'safety pin', 'salt shaker', 'sandal', 'screw', 'shovel', 'space heater', 'spatula', 'speaker', 'strainer', 'sunglasses', 'teddy bear', 'television', 'umbrella', 'vase', 'wallet', 'waste container', 'water bottle', 'whistle']"
18837,2f72831951bb407.png,17,T-shirt,T-shirt,3.864,dcd03c79cb9dce52,True,"['Band-Aid', 'T-shirt', 'backpack', 'banana', 'cleaver', 'clothes iron', 'coffee mug', 'computer mouse', 'digital watch', 'doormat', 'dumbbell', 'envelope', 'hair dryer', 'hammer', 'lampshade', 'lemon', 'lipstick', 'match', 'mobile phone', 'necklace', 'padlock', 'paintbrush', 'paper towel', 'park bench', 'pill bottle', 'pillow', 'plastic bag', 'plunger', 'power drill', 'printer', 'racket', 'ruler', 'safety pin', 'salt shaker', 'sandal', 'screw', 'shovel', 'space heater', 'spatula', 'speaker', 'strainer', 'sunglasses', 'teddy bear', 'television', 'umbrella', 'vase', 'wallet', 'waste container', 'water bottle', 'whistle']"
2518,4a290a6eadf7436.png,17,safety pin,lampshade,9.011,750953c2e04740b2,True,"['Band-Aid', 'T-shirt', 'backpack', 'banana', 'cleaver', 'clothes iron', 'coffee mug', 'computer mouse', 'digital watch', 'doormat', 'dumbbell', 'envelope', 'hair dryer', 'hammer', 'lampshade', 'lemon', 'lipstick', 'match', 'mobile phone', 'necklace', 'padlock', 'paintbrush', 'paper towel', 'park bench', 'pill bottle', 'pillow', 'plastic bag', 'plunger', 'power drill', 'printer', 'racket', 'ruler', 'safety pin', 'salt shaker', 'sandal', 'screw', 'shovel', 'space heater', 'spatula', 'speaker', 'strainer', 'sunglasses', 'teddy bear', 'television', 'umbrella', 'vase', 'wallet', 'waste container', 'water bottle', 'whistle']"
8232,7a563677478b4ce.png,17,digital watch,paintbrush,5.226,6c0490309d265dfd,True,"['Band-Aid', 'T-shirt', 'backpack', 'banana', 'cleaver', 'clothes iron', 'coffee mug', 'computer mouse', 'digital watch', 'doormat', 'dumbbell', 'envelope', 'hair dryer', 'hammer', 'lampshade', 'lemon', 'lipstick', 'match', 'mobile phone', 'necklace', 'padlock', 'paintbrush', 'paper towel', 'park bench', 'pill bottle', 'pillow', 'plastic bag', 'plunger', 'power drill', 'printer', 'racket', 'ruler', 'safety pin', 'salt shaker', 'sandal', 'screw', 'shovel', 'space heater', 'spatula', 'speaker', 'strainer', 'sunglasses', 'teddy bear', 'television', 'umbrella', 'vase', 'wallet', 'waste container', 'water bottle', 'whistle']"
15530,8c60a81e1f794b3.png,17,hammer,hammer,2.098,358c99c6f75aee85,True,"['Band-Aid', 'T-shirt', 'backpack', 'banana', 'cleaver', 'clothes iron', 'coffee mug', 'computer mouse', 'digital watch', 'doormat', 'dumbbell', 'envelope', 'hair dryer', 'hammer', 'lampshade', 'lemon', 'lipstick', 'match', 'mobile phone', 'necklace', 'padlock', 'paintbrush', 'paper towel', 'park bench', 'pill bottle', 'pillow', 'plastic bag', 'plunger', 'power drill', 'printer', 'racket', 'ruler', 'safety pin', 'salt shaker', 'sandal', 'screw', 'shovel', 'space heater', 'spatula', 'speaker', 'strainer', 'sunglasses', 'teddy bear', 'television', 'umbrella', 'vase', 'wallet', 'waste container', 'water bottle', 'whistle']"
18708,ILSVRC2012_val_00000208.JPEG,17,clothes iron,clothes iron,28.037,4bbb6db334b611d0,False,"['Band-Aid', 'T-shirt', 'backpack', 'banana', 'cleaver', 'clothes iron', 'coffee mug', 'computer mouse', 'digital watch', 'doormat', 'dumbbell', 'envelope', 'hair dryer', 'hammer', 'lampshade', 'lemon', 'lipstick', 'match', 'mobile phone', 'necklace', 'padlock', 'paintbrush', 'paper towel', 'park bench', 'pill bottle', 'pillow', 'plastic bag', 'plunger', 'power drill', 'printer', 'racket', 'ruler', 'safety pin', 'salt shaker', 'sandal', 'screw', 'shovel', 'space heater', 'spatula', 'speaker', 'strainer', 'sunglasses', 'teddy bear', 'television', 'umbrella', 'vase', 'wallet', 'waste container', 'water bottle', 'whistle']"
15640,ILSVRC2012_val_00001671.JPEG,17,lemon,lemon,6.941,dcd03c79cb9dce52,False,"['Band-Aid', 'T-shirt', 'backpack', 'banana', 'cleaver', 'clothes iron', 'coffee mug', 'computer mouse', 'digital watch', 'doormat', 'dumbbell', 'envelope', 'hair dryer', 'hammer', 'lampshade', 'lemon', 'lipstick', 'match', 'mobile phone', 'necklace', 'padlock', 'paintbrush', 'paper towel', 'park bench', 'pill bottle', 'pillow', 'plastic bag', 'plunger', 'power drill', 'printer', 'racket', 'ruler', 'safety pin', 'salt shaker', 'sandal', 'screw', 'shovel', 'space heater', 'spatula', 'speaker', 'strainer', 'sunglasses', 'teddy bear', 'television', 'umbrella', 'vase', 'wallet', 'waste container', 'water bottle', 'whistle']"
11102,ILSVRC2012_val_00002716.JPEG,17,padlock,padlock,10.554,538fba8b60d9513d,False,"['Band-Aid', 'T-shirt', 'backpack', 'banana', 'cleaver', 'clothes iron', 'coffee mug', 'computer mouse', 'digital watch', 'doormat', 'dumbbell', 'envelope', 'hair dryer', 'hammer', 'lampshade', 'lemon', 'lipstick', 'match', 'mobile phone', 'necklace', 'padlock', 'paintbrush', 'paper towel', 'park bench', 'pill bottle', 'pillow', 'plastic bag', 'plunger', 'power drill', 'printer', 'racket', 'ruler', 'safety pin', 'salt shaker', 'sandal', 'screw', 'shovel', 'space heater', 'spatula', 'speaker', 'strainer', 'sunglasses', 'teddy bear', 'television', 'umbrella', 'vase', 'wallet', 'waste container', 'water bottle', 'whistle']"
14133,ILSVRC2012_val_00005596.JPEG,17,T-shirt,T-shirt,6.105,8f41b1e7256a24e8,False,"['Band-Aid', 'T-shirt', 'backpack', 'banana', 'cleaver', 'clothes iron', 'coffee mug', 'computer mouse', 'digital watch', 'doormat', 'dumbbell', 'envelope', 'hair dryer', 'hammer', 'lampshade', 'lemon', 'lipstick', 'match', 'mobile phone', 'necklace', 'padlock', 'paintbrush', 'paper towel', 'park bench', 'pill bottle', 'pillow', 'plastic bag', 'plunger', 'power drill', 'printer', 'racket', 'ruler', 'safety pin', 'salt shaker', 'sandal', 'screw', 'shovel', 'space heater', 'spatula', 'speaker', 'strainer', 'sunglasses', 'teddy bear', 'television', 'umbrella', 'vase', 'wallet', 'waste container', 'water bottle', 'whistle']"
11816,ILSVRC2012_val_00007886.JPEG,17,racket,racket,39.619,9b26f3c28022e64d,False,"['Band-Aid', 'T-shirt', 'backpack', 'banana', 'cleaver', 'clothes iron', 'coffee mug', 'computer mouse', 'digital watch', 'doormat', 'dumbbell', 'envelope', 'hair dryer', 'hammer', 'lampshade', 'lemon', 'lipstick', 'match', 'mobile phone', 'necklace', 'padlock', 'paintbrush', 'paper towel', 'park bench', 'pill bottle', 'pillow', 'plastic bag', 'plunger', 'power drill', 'printer', 'racket', 'ruler', 'safety pin', 'salt shaker', 'sandal', 'screw', 'shovel', 'space heater', 'spatula', 'speaker', 'strainer', 'sunglasses', 'teddy bear', 'television', 'umbrella', 'vase', 'wallet', 'waste container', 'water bottle', 'whistle']"
72214,ILSVRC2012_val_00010847.JPEG,17,hammer,hammer,15.028,8cd3ecae9453ed17,False,"['Band-Aid', 'T-shirt', 'backpack', 'banana', 'cleaver', 'clothes iron', 'coffee mug', 'computer mouse', 'digital watch', 'doormat', 'dumbbell', 'envelope', 'hair dryer', 'hammer', 'lampshade', 'lemon', 'lipstick', 'match', 'mobile phone', 'necklace', 'padlock', 'paintbrush', 'paper towel', 'park bench', 'pill bottle', 'pillow', 'plastic bag', 'plunger', 'power drill', 'printer', 'racket', 'ruler', 'safety pin', 'salt shaker', 'sandal', 'screw', 'shovel', 'space heater', 'spatula', 'speaker', 'strainer', 'sunglasses', 'teddy bear', 'television', 'umbrella', 'vase', 'wallet', 'waste container', 'water bottle', 'whistle']"
9782,ILSVRC2012_val_00012914.JPEG,17,T-shirt,ruler,3.041,8983060ad6e76551,False,"['Band-Aid', 'T-shirt', 'backpack', 'banana', 'cleaver', 'clothes iron', 'coffee mug', 'computer mouse', 'digital watch', 'doormat', 'dumbbell', 'envelope', 'hair dryer', 'hammer', 'lampshade', 'lemon', 'lipstick', 'match', 'mobile phone', 'necklace', 'padlock', 'paintbrush', 'paper towel', 'park bench', 'pill bottle', 'pillow', 'plastic bag', 'plunger', 'power drill', 'printer', 'racket', 'ruler', 'safety pin', 'salt shaker', 'sandal', 'screw', 'shovel', 'space heater', 'spatula', 'speaker', 'strainer', 'sunglasses', 'teddy bear', 'television', 'umbrella', 'vase', 'wallet', 'waste container', 'water bottle', 'whistle']"
27241,ILSVRC2012_val_00013296.JPEG,17,pillow,pillow,4.505,d0b32ea003c19885,False,"['Band-Aid', 'T-shirt', 'backpack', 'banana', 'cleaver', 'clothes iron', 'coffee mug', 'computer mouse', 'digital watch', 'doormat', 'dumbbell', 'envelope', 'hair dryer', 'hammer', 'lampshade', 'lemon', 'lipstick', 'match', 'mobile phone', 'necklace', 'padlock', 'paintbrush', 'paper towel', 'park bench', 'pill bottle', 'pillow', 'plastic bag', 'plunger', 'power drill', 'printer', 'racket', 'ruler', 'safety pin', 'salt shaker', 'sandal', 'screw', 'shovel', 'space heater', 'spatula', 'speaker', 'strainer', 'sunglasses', 'teddy bear', 'television', 'umbrella', 'vase', 'wallet', 'waste container', 'water bottle', 'whistle']"
12034,ILSVRC2012_val_00013842.JPEG,17,padlock,padlock,8.461,82c62671f926fef2,False,"['Band-Aid', 'T-shirt', 'backpack', 'banana', 'cleaver', 'clothes iron', 'coffee mug', 'computer mouse', 'digital watch', 'doormat', 'dumbbell', 'envelope', 'hair dryer', 'hammer', 'lampshade', 'lemon', 'lipstick', 'match', 'mobile phone', 'necklace', 'padlock', 'paintbrush', 'paper towel', 'park bench', 'pill bottle', 'pillow', 'plastic bag', 'plunger', 'power drill', 'printer', 'racket', 'ruler', 'safety pin', 'salt shaker', 'sandal', 'screw', 'shovel', 'space heater', 'spatula', 'speaker', 'strainer', 'sunglasses', 'teddy bear', 'television', 'umbrella', 'vase', 'wallet', 'waste container', 'water bottle', 'whistle']"
12539,ILSVRC2012_val_00018374.JPEG,17,sunglasses,sunglasses,6.09,7a189ddf5c9db161,False,"['Band-Aid', 'T-shirt', 'backpack', 'banana', 'cleaver', 'clothes iron', 'coffee mug', 'computer mouse', 'digital watch', 'doormat', 'dumbbell', 'envelope', 'hair dryer', 'hammer', 'lampshade', 'lemon', 'lipstick', 'match', 'mobile phone', 'necklace', 'padlock', 'paintbrush', 'paper towel', 'park bench', 'pill bottle', 'pillow', 'plastic bag', 'plunger', 'power drill', 'printer', 'racket', 'ruler', 'safety pin', 'salt shaker', 'sandal', 'screw', 'shovel', 'space heater', 'spatula', 'speaker', 'strainer', 'sunglasses', 'teddy bear', 'television', 'umbrella', 'vase', 'wallet', 'waste container', 'water bottle', 'whistle']"
22516,ILSVRC2012_val_00019436.JPEG,17,digital watch,digital watch,8.021,896d8e6a6624eb87,False,"['Band-Aid', 'T-shirt', 'backpack', 'banana', 'cleaver', 'clothes iron', 'coffee mug', 'computer mouse', 'digital watch', 'doormat', 'dumbbell', 'envelope', 'hair dryer', 'hammer', 'lampshade', 'lemon', 'lipstick', 'match', 'mobile phone', 'necklace', 'padlock', 'paintbrush', 'paper towel', 'park bench', 'pill bottle', 'pillow', 'plastic bag', 'plunger', 'power drill', 'printer', 'racket', 'ruler', 'safety pin', 'salt shaker', 'sandal', 'screw', 'shovel', 'space heater', 'spatula', 'speaker', 'strainer', 'sunglasses', 'teddy bear', 'television', 'umbrella', 'vase', 'wallet', 'waste container', 'water bottle', 'whistle']"
1210,ILSVRC2012_val_00019522.JPEG,17,T-shirt,T-shirt,2.895,8cd3ecae9453ed17,False,"['Band-Aid', 'T-shirt', 'backpack', 'banana', 'cleaver', 'clothes iron', 'coffee mug', 'computer mouse', 'digital watch', 'doormat', 'dumbbell', 'envelope', 'hair dryer', 'hammer', 'lampshade', 'lemon', 'lipstick', 'match', 'mobile phone', 'necklace', 'padlock', 'paintbrush', 'paper towel', 'park bench', 'pill bottle', 'pillow', 'plastic bag', 'plunger', 'power drill', 'printer', 'racket', 'ruler', 'safety pin', 'salt shaker', 'sandal', 'screw', 'shovel', 'space heater', 'spatula', 'speaker', 'strainer', 'sunglasses', 'teddy bear', 'television', 'umbrella', 'vase', 'wallet', 'waste container', 'water bottle', 'whistle']"
9605,ILSVRC2012_val_00020233.JPEG,17,mobile phone,mobile phone,14.679,2a8d4e75f9dd3762,False,"['Band-Aid', 'T-shirt', 'backpack', 'banana', 'cleaver', 'clothes iron', 'coffee mug', 'computer mouse', 'digital watch', 'doormat', 'dumbbell', 'envelope', 'hair dryer', 'hammer', 'lampshade', 'lemon', 'lipstick', 'match', 'mobile phone', 'necklace', 'padlock', 'paintbrush', 'paper towel', 'park bench', 'pill bottle', 'pillow', 'plastic bag', 'plunger', 'power drill', 'printer', 'racket', 'ruler', 'safety pin', 'salt shaker', 'sandal', 'screw', 'shovel', 'space heater', 'spatula', 'speaker', 'strainer', 'sunglasses', 'teddy bear', 'television', 'umbrella', 'vase', 'wallet', 'waste container', 'water bottle', 'whistle']"
12273,ILSVRC2012_val_00024720.JPEG,17,speaker,speaker,4.657,358c99c6f75aee85,False,"['Band-Aid', 'T-shirt', 'backpack', 'banana', 'cleaver', 'clothes iron', 'coffee mug', 'computer mouse', 'digital watch', 'doormat', 'dumbbell', 'envelope', 'hair dryer', 'hammer', 'lampshade', 'lemon', 'lipstick', 'match', 'mobile phone', 'necklace', 'padlock', 'paintbrush', 'paper towel', 'park bench', 'pill bottle', 'pillow', 'plastic bag', 'plunger', 'power drill', 'printer', 'racket', 'ruler', 'safety pin', 'salt shaker', 'sandal', 'screw', 'shovel', 'space heater', 'spatula', 'speaker', 'strainer', 'sunglasses', 'teddy bear', 'television', 'umbrella', 'vase', 'wallet', 'waste container', 'water bottle', 'whistle']"
31327,ILSVRC2012_val_00030762.JPEG,17,teddy bear,teddy bear,2.473,3cfb99d488222293,False,"['Band-Aid', 'T-shirt', 'backpack', 'banana', 'cleaver', 'clothes iron', 'coffee mug', 'computer mouse', 'digital watch', 'doormat', 'dumbbell', 'envelope', 'hair dryer', 'hammer', 'lampshade', 'lemon', 'lipstick', 'match', 'mobile phone', 'necklace', 'padlock', 'paintbrush', 'paper towel', 'park bench', 'pill bottle', 'pillow', 'plastic bag', 'plunger', 'power drill', 'printer', 'racket', 'ruler', 'safety pin', 'salt shaker', 'sandal', 'screw', 'shovel', 'space heater', 'spatula', 'speaker', 'strainer', 'sunglasses', 'teddy bear', 'television', 'umbrella', 'vase', 'wallet', 'waste container', 'water bottle', 'whistle']"
75314,ILSVRC2012_val_00033652.JPEG,17,necklace,spatula,4.257,7a189ddf5c9db161,False,"['Band-Aid', 'T-shirt', 'backpack', 'banana', 'cleaver', 'clothes iron', 'coffee mug', 'computer mouse', 'digital watch', 'doormat', 'dumbbell', 'envelope', 'hair dryer', 'hammer', 'lampshade', 'lemon', 'lipstick', 'match', 'mobile phone', 'necklace', 'padlock', 'paintbrush', 'paper towel', 'park bench', 'pill bottle', 'pillow', 'plastic bag', 'plunger', 'power drill', 'printer', 'racket', 'ruler', 'safety pin', 'salt shaker', 'sandal', 'screw', 'shovel', 'space heater', 'spatula', 'speaker', 'strainer', 'sunglasses', 'teddy bear', 'television', 'umbrella', 'vase', 'wallet', 'waste container', 'water bottle', 'whistle']"
46569,ILSVRC2012_val_00034500.JPEG,17,necklace,necklace,14.002,091aecc41b24583f,False,"['Band-Aid', 'T-shirt', 'backpack', 'banana', 'cleaver', 'clothes iron', 'coffee mug', 'computer mouse', 'digital watch', 'doormat', 'dumbbell', 'envelope', 'hair dryer', 'hammer', 'lampshade', 'lemon', 'lipstick', 'match', 'mobile phone', 'necklace', 'padlock', 'paintbrush', 'paper towel', 'park bench', 'pill bottle', 'pillow', 'plastic bag', 'plunger', 'power drill', 'printer', 'racket', 'ruler', 'safety pin', 'salt shaker', 'sandal', 'screw', 'shovel', 'space heater', 'spatula', 'speaker', 'strainer', 'sunglasses', 'teddy bear', 'television', 'umbrella', 'vase', 'wallet', 'waste container', 'water bottle', 'whistle']"
2516,ILSVRC2012_val_00039499.JPEG,17,television,banana,2.051,358c99c6f75aee85,False,"['Band-Aid', 'T-shirt', 'backpack', 'banana', 'cleaver', 'clothes iron', 'coffee mug', 'computer mouse', 'digital watch', 'doormat', 'dumbbell', 'envelope', 'hair dryer', 'hammer', 'lampshade', 'lemon', 'lipstick', 'match', 'mobile phone', 'necklace', 'padlock', 'paintbrush', 'paper towel', 'park bench', 'pill bottle', 'pillow', 'plastic bag', 'plunger', 'power drill', 'printer', 'racket', 'ruler', 'safety pin', 'salt shaker', 'sandal', 'screw', 'shovel', 'space heater', 'spatula', 'speaker', 'strainer', 'sunglasses', 'teddy bear', 'television', 'umbrella', 'vase', 'wallet', 'waste container', 'water bottle', 'whistle']"
2451,ILSVRC2012_val_00040089.JPEG,17,padlock,padlock,16.808,ba0d4fe90750ad5f,False,"['Band-Aid', 'T-shirt', 'backpack', 'banana', 'cleaver', 'clothes iron', 'coffee mug', 'computer mouse', 'digital watch', 'doormat', 'dumbbell', 'envelope', 'hair dryer', 'hammer', 'lampshade', 'lemon', 'lipstick', 'match', 'mobile phone', 'necklace', 'padlock', 'paintbrush', 'paper towel', 'park bench', 'pill bottle', 'pillow', 'plastic bag', 'plunger', 'power drill', 'printer', 'racket', 'ruler', 'safety pin', 'salt shaker', 'sandal', 'screw', 'shovel', 'space heater', 'spatula', 'speaker', 'strainer', 'sunglasses', 'teddy bear', 'television', 'umbrella', 'vase', 'wallet', 'waste container', 'water bottle', 'whistle']"
20058,ILSVRC2012_val_00042720.JPEG,17,umbrella,umbrella,4.744,211c2b570f4280bc,False,"['Band-Aid', 'T-shirt', 'backpack', 'banana', 'cleaver', 'clothes iron', 'coffee mug', 'computer mouse', 'digital watch', 'doormat', 'dumbbell', 'envelope', 'hair dryer', 'hammer', 'lampshade', 'lemon', 'lipstick', 'match', 'mobile phone', 'necklace', 'padlock', 'paintbrush', 'paper towel', 'park bench', 'pill bottle', 'pillow', 'plastic bag', 'plunger', 'power drill', 'printer', 'racket', 'ruler', 'safety pin', 'salt shaker', 'sandal', 'screw', 'shovel', 'space heater', 'spatula', 'speaker', 'strainer', 'sunglasses', 'teddy bear', 'television', 'umbrella', 'vase', 'wallet', 'waste container', 'water bottle', 'whistle']"
13222,ILSVRC2012_val_00046998.JPEG,17,sunglasses,sunglasses,5.688,3cfb99d488222293,False,"['Band-Aid', 'T-shirt', 'backpack', 'banana', 'cleaver', 'clothes iron', 'coffee mug', 'computer mouse', 'digital watch', 'doormat', 'dumbbell', 'envelope', 'hair dryer', 'hammer', 'lampshade', 'lemon', 'lipstick', 'match', 'mobile phone', 'necklace', 'padlock', 'paintbrush', 'paper towel', 'park bench', 'pill bottle', 'pillow', 'plastic bag', 'plunger', 'power drill', 'printer', 'racket', 'ruler', 'safety pin', 'salt shaker', 'sandal', 'screw', 'shovel', 'space heater', 'spatula', 'speaker', 'strainer', 'sunglasses', 'teddy bear', 'television', 'umbrella', 'vase', 'wallet', 'waste container', 'water bottle', 'whistle']"
25052,af2de5d36aa9496.png,17,Band-Aid,Band-Aid,14.281,33730a3c470d4757,True,"['Band-Aid', 'T-shirt', 'backpack', 'banana', 'cleaver', 'clothes iron', 'coffee mug', 'computer mouse', 'digital watch', 'doormat', 'dumbbell', 'envelope', 'hair dryer', 'hammer', 'lampshade', 'lemon', 'lipstick', 'match', 'mobile phone', 'necklace', 'padlock', 'paintbrush', 'paper towel', 'park bench', 'pill bottle', 'pillow', 'plastic bag', 'plunger', 'power drill', 'printer', 'racket', 'ruler', 'safety pin', 'salt shaker', 'sandal', 'screw', 'shovel', 'space heater', 'spatula', 'speaker', 'strainer', 'sunglasses', 'teddy bear', 'television', 'umbrella', 'vase', 'wallet', 'waste container', 'water bottle', 'whistle']"
14753,b1a554507e96426.png,17,match,match,2.45,e39fe4a1a57c8623,True,"['Band-Aid', 'T-shirt', 'backpack', 'banana', 'cleaver', 'clothes iron', 'coffee mug', 'computer mouse', 'digital watch', 'doormat', 'dumbbell', 'envelope', 'hair dryer', 'hammer', 'lampshade', 'lemon', 'lipstick', 'match', 'mobile phone', 'necklace', 'padlock', 'paintbrush', 'paper towel', 'park bench', 'pill bottle', 'pillow', 'plastic bag', 'plunger', 'power drill', 'printer', 'racket', 'ruler', 'safety pin', 'salt shaker', 'sandal', 'screw', 'shovel', 'space heater', 'spatula', 'speaker', 'strainer', 'sunglasses', 'teddy bear', 'television', 'umbrella', 'vase', 'wallet', 'waste container', 'water bottle', 'whistle']"
5288,b3a6a60f8ab14f3.png,17,padlock,padlock,8.05,8983060ad6e76551,True,"['Band-Aid', 'T-shirt', 'backpack', 'banana', 'cleaver', 'clothes iron', 'coffee mug', 'computer mouse', 'digital watch', 'doormat', 'dumbbell', 'envelope', 'hair dryer', 'hammer', 'lampshade', 'lemon', 'lipstick', 'match', 'mobile phone', 'necklace', 'padlock', 'paintbrush', 'paper towel', 'park bench', 'pill bottle', 'pillow', 'plastic bag', 'plunger', 'power drill', 'printer', 'racket', 'ruler', 'safety pin', 'salt shaker', 'sandal', 'screw', 'shovel', 'space heater', 'spatula', 'speaker', 'strainer', 'sunglasses', 'teddy bear', 'television', 'umbrella', 'vase', 'wallet', 'waste container', 'water bottle', 'whistle']"
19133,c98fc150dfd0495.png,17,safety pin,safety pin,4.497,2ac9f96d1e6199f7,True,"['Band-Aid', 'T-shirt', 'backpack', 'banana', 'cleaver', 'clothes iron', 'coffee mug', 'computer mouse', 'digital watch', 'doormat', 'dumbbell', 'envelope', 'hair dryer', 'hammer', 'lampshade', 'lemon', 'lipstick', 'match', 'mobile phone', 'necklace', 'padlock', 'paintbrush', 'paper towel', 'park bench', 'pill bottle', 'pillow', 'plastic bag', 'plunger', 'power drill', 'printer', 'racket', 'ruler', 'safety pin', 'salt shaker', 'sandal', 'screw', 'shovel', 'space heater', 'spatula', 'speaker', 'strainer', 'sunglasses', 'teddy bear', 'television', 'umbrella', 'vase', 'wallet', 'waste container', 'water bottle', 'whistle']"
5312,f388c26b867b49f.png,17,dumbbell,dumbbell,4.616,f0d3128fc0d2e749,True,"['Band-Aid', 'T-shirt', 'backpack', 'banana', 'cleaver', 'clothes iron', 'coffee mug', 'computer mouse', 'digital watch', 'doormat', 'dumbbell', 'envelope', 'hair dryer', 'hammer', 'lampshade', 'lemon', 'lipstick', 'match', 'mobile phone', 'necklace', 'padlock', 'paintbrush', 'paper towel', 'park bench', 'pill bottle', 'pillow', 'plastic bag', 'plunger', 'power drill', 'printer', 'racket', 'ruler', 'safety pin', 'salt shaker', 'sandal', 'screw', 'shovel', 'space heater', 'spatula', 'speaker', 'strainer', 'sunglasses', 'teddy bear', 'television', 'umbrella', 'vase', 'wallet', 'waste container', 'water bottle', 'whistle']"
35571,f592b75fd73d42f.png,17,digital watch,digital watch,15.441,33730a3c470d4757,True,"['Band-Aid', 'T-shirt', 'backpack', 'banana', 'cleaver', 'clothes iron', 'coffee mug', 'computer mouse', 'digital watch', 'doormat', 'dumbbell', 'envelope', 'hair dryer', 'hammer', 'lampshade', 'lemon', 'lipstick', 'match', 'mobile phone', 'necklace', 'padlock', 'paintbrush', 'paper towel', 'park bench', 'pill bottle', 'pillow', 'plastic bag', 'plunger', 'power drill', 'printer', 'racket', 'ruler', 'safety pin', 'salt shaker', 'sandal', 'screw', 'shovel', 'space heater', 'spatula', 'speaker', 'strainer', 'sunglasses', 'teddy bear', 'television', 'umbrella', 'vase', 'wallet', 'waste container', 'water bottle', 'whistle']"
5465,f82abc1f45504f5.png,17,dumbbell,dumbbell,7.335,93ac365d4ecbe155,True,"['Band-Aid', 'T-shirt', 'backpack', 'banana', 'cleaver', 'clothes iron', 'coffee mug', 'computer mouse', 'digital watch', 'doormat', 'dumbbell', 'envelope', 'hair dryer', 'hammer', 'lampshade', 'lemon', 'lipstick', 'match', 'mobile phone', 'necklace', 'padlock', 'paintbrush', 'paper towel', 'park bench', 'pill bottle', 'pillow', 'plastic bag', 'plunger', 'power drill', 'printer', 'racket', 'ruler', 'safety pin', 'salt shaker', 'sandal', 'screw', 'shovel', 'space heater', 'spatula', 'speaker', 'strainer', 'sunglasses', 'teddy bear', 'television', 'umbrella', 'vase', 'wallet', 'waste container', 'water bottle', 'whistle']"
